{
  "status": "completed",
  "results": [
    {
      "domain": "dev_set",
      "score": 1.0611111111111111,
      "max_score": 10,
      "avg_score": 0.10611111111111111,
      "task_scores": {
        "find_parks": 0.0,
        "llava_commit": 0.0,
        "overleaf_template": 0.0,
        "buy_monitor": 0.0,
        "nyc_sport_event": 0.0,
        "yu_lineage": 0.2,
        "ad_patent": 0.0,
        "lol_sylas": 0.0,
        "spotify_artists": 0.0,
        "animation_movies": 0.8611111111111112
      },
      "time_used": 1377.4972229003906
    }
  ],
  "participants": {
    "green": "019d2093-40bc-7910-9e72-c7e6e85356bc",
    "agent": "019d20b7-8ecc-7011-8de6-e1eee372d3bf"
  }
}
